Name,Position,Team
Christian McCaffrey,RB,SF
CeeDee Lamb,WR,DAL
Tyreek Hill,WR,MIA
Ja'Marr Chase,WR,CIN
Amon-Ra St. Brown,WR,DET
Justin Jefferson,WR,MIN
Puka Nacua,WR,LAR
Bijan Robinson,RB,ATL
A.J. Brown,WR,PHI
Breece Hall,RB,NYJ
Drake London,WR,ATL
Garrett Wilson,WR,NYJ
Jahmyr Gibbs,RB,DET
Marvin Harrison Jr.,WR,ARI
Chris Olave,WR,NO
DeVonta Smith,WR,PHI
Davante Adams,WR,LV
Malik Nabers,WR,NYG
Nico Collins,WR,HOU
DJ Moore,WR,CHI
Mike Evans,WR,TB
Brandon Aiyuk,WR,SF
Jaylen Waddle,WR,MIA
Michael Pittman Jr.,WR,IND
Saquon Barkley,RB,PHI
DK Metcalf,WR,SEA
Deebo Samuel Sr.,WR,SF
Stefon Diggs,WR,HOU
Travis Kelce,TE,KC
De'Von Achane,RB,MIA
Jonathan Taylor,RB,IND
Cooper Kupp,WR,LAR
Jalen Hurts,QB,PHI
Christian Kirk,WR,JAX
Kyren Williams,RB,LAR
Tee Higgins,WR,CIN
Tank Dell,WR,HOU
Josh Jacobs,RB,GB
Sam LaPorta,TE,DET
Travis Etienne Jr.,RB,JAX
Josh Allen,QB,BUF
Isiah Pacheco,RB,KC
Zay Flowers,WR,BAL
Rachaad White,RB,TB
Lamar Jackson,QB,BAL
Trey McBride,TE,ARI
Chris Godwin,WR,TB
Keenan Allen,WR,CHI
James Cook,RB,BUF
Mark Andrews,TE,BAL
Kyle Pitts,TE,ATL
Dalton Kincaid,TE,BUF
Amari Cooper,WR,CLE
Patrick Mahomes,QB,KC
Marquise Brown,WR,KC
Joe Mixon,RB,HOU
Rome Odunze,WR,CHI
Derrick Henry,RB,BAL
Kenneth Walker III,RB,SEA
Anthony Richardson,QB,IND
Evan Engram,TE,JAX
Alvin Kamara,RB,NO
DeAndre Hopkins,WR,TEN
Brian Thomas Jr.,WR,JAX
Xavier Worthy,WR,KC
Terry McLaurin,WR,WAS
Jaxon Smith-Njigba,WR,SEA
George Pickens,WR,PIT
Diontae Johnson,WR,CAR
Jayden Reed,WR,GB
C.J. Stroud,QB,HOU
George Kittle,TE,SF
Jordan Addison,WR,MIN
D'Andre Swift,RB,CHI
Rhamondre Stevenson,RB,NE
David Montgomery,RB,DET
Dak Prescott,QB,DAL
Joe Burrow,QB,CIN
Najee Harris,RB,PIT
Jake Ferguson,TE,DAL
Jaylen Warren,RB,PIT
Ladd McConkey,WR,LAC
Tyler Lockett,WR,SEA
Keon Coleman,WR,BUF
Christian Watson,WR,GB
Kyler Murray,QB,ARI
Calvin Ridley,WR,TEN
Aaron Jones,RB,MIN
Joshua Palmer,WR,LAC
Dallas Goedert,TE,PHI
Jameson Williams,WR,DET
Zamir White,RB,LV
Javonte Williams,RB,DEN
Zack Moss,RB,CIN
Rashee Rice,WR,KC
Jordan Love,QB,GB
David Njoku,TE,CLE
Caleb Williams,QB,CHI
Trevor Lawrence,QB,JAX
Tony Pollard,RB,TEN
Devin Singletary,RB,NYG
Courtland Sutton,WR,DEN
Brock Bowers,TE,LV
Curtis Samuel,WR,BUF
Jonathon Brooks,RB,CAR
Jayden Daniels,QB,WAS
Jakobi Meyers,WR,LV
Mike Williams,WR,NYJ
Brock Purdy,QB,SF
Chase Brown,RB,CIN
Raheem Mostert,RB,MIA
Tua Tagovailoa,QB,MIA
Trey Benson,RB,ARI
Gabe Davis,WR,JAX
Tyjae Spears,RB,TEN
Gus Edwards,RB,LAC
James Conner,RB,ARI
Kirk Cousins,QB,ATL
Rashid Shaheed,WR,NO
Jerry Jeudy,WR,CLE
Brian Robinson Jr.,RB,WAS
Josh Downs,WR,IND
Romeo Doubs,WR,GB
Austin Ekeler,RB,WAS
Jared Goff,QB,DET
Khalil Shakir,WR,BUF
Rico Dowdle,RB,DAL
Brandin Cooks,WR,DAL
Justin Herbert,QB,LAC
Dontayvion Wicks,WR,GB
Ezekiel Elliott,RB,DAL
Blake Corum,RB,LAR
Jerome Ford,RB,CLE
Adam Thielen,WR,CAR
Deshaun Watson,QB,CLE
Jahan Dotson,WR,WAS
Zach Charbonnet,RB,SEA
Aaron Rodgers,QB,NYJ
Matthew Stafford,QB,LAR
Baker Mayfield,QB,TB
Cole Kmet,TE,CHI
Dalton Schultz,TE,HOU
Antonio Gibson,RB,NE
Nick Chubb,RB,CLE
Darnell Mooney,WR,ATL
Geno Smith,QB,SEA
Malachi Corley,WR,NYJ
Wan'Dale Robinson,WR,NYG
Ty Chandler,RB,MIN
Ja'Lynn Polk,WR,NE
Pat Freiermuth,TE,PIT
J.J. McCarthy,QB,MIN
MarShawn Lloyd,RB,GB
Xavier Legette,WR,CAR
Derek Carr,QB,NO
Kendre Miller,RB,NO
Khalil Herbert,RB,CHI
Juwan Johnson,TE,NO
Isaiah Likely,TE,BAL
Adonai Mitchell,WR,IND
Roman Wilson,WR,PIT
Jermaine Burton,WR,CIN
Tyler Allgeier,RB,ATL
T.J. Hockenson,TE,MIN
Ricky Pearsall,WR,SF
Rashod Bateman,WR,BAL
Quentin Johnston,WR,LAC
Noah Fant,TE,SEA
Luke Musgrave,TE,GB
Hunter Henry,TE,NE
Jaylen Wright,RB,MIA
Michael Wilson,WR,ARI
Ray Davis,RB,BUF
Chig Okonkwo,TE,TEN
DeMario Douglas,WR,NE
Marvin Mims Jr.,WR,DEN
Bucky Irving,RB,TB
Darius Slayton,WR,NYG
Drake Maye,QB,NE
Kimani Vidal,RB,LAC
Jalen McMillan,WR,TB
Luke McCaffrey,WR,WAS
Cade Otton,TE,TB
Demarcus Robinson,WR,LAR
Jalin Hyatt,WR,NYG
Jaleel McLaughlin,RB,DEN
Kendrick Bourne,WR,NE
Ben Sinnott,TE,WAS
Rondale Moore,WR,ATL
Zay Jones,WR,ARI
Will Levis,QB,TEN
Elijah Moore,WR,CLE
Tyler Conklin,TE,NYJ
Tucker Kraft,TE,GB
Jalen Tolbert,WR,DAL
Odell Beckham Jr.,WR,FA
Javon Baker,WR,NE
Chuba Hubbard,RB,CAR
D'Onta Foreman,RB,CLE
J.K. Dobbins,RB,LAC
Samaje Perine,RB,DEN
Michael Mayer,TE,LV
DJ Chark Jr.,WR,LAC
Josh Reynolds,WR,DEN
Jonnu Smith,TE,MIA
Clyde Edwards-Helaire,RB,KC
Bryce Young,QB,CAR
Dawson Knox,TE,BUF
Jerick McKinnon,RB,FA
Tyler Boyd,WR,FA
Tank Bigsby,RB,JAX
Tyrone Tracy Jr.,RB,NYG
Elijah Mitchell,RB,SF
Greg Dulcich,TE,DEN
Bo Nix,QB,DEN
Greg Dortch,WR,ARI
Daniel Jones,QB,NYG
Hayden Hurst,TE,LAC
Kenneth Gainwell,RB,PHI
Keaton Mitchell,RB,BAL
Troy Franklin,WR,DEN
Colby Parkinson,TE,LAR
Isaac Guerendo,RB,SF
Devontez Walker,WR,BAL
Russell Wilson,QB,PIT
A.T. Perry,WR,NO
Marquez Valdes-Scantling,WR,FA
Treylon Burks,WR,TEN
Dylan Laube,RB,LV
Michael Thomas,WR,FA
Alexander Mattison,RB,LV
Jonathan Mingo,WR,CAR
Mike Gesicki,TE,CIN
Rasheen Ali,RB,BAL
Evan Hull,RB,IND
Trenton Irwin,WR,CIN
Braelon Allen,RB,NYJ
Dameon Pierce,RB,HOU
Trey Palmer,WR,TB
Cedrick Wilson Jr.,WR,NO
Tre Tucker,WR,LV
Miles Sanders,RB,CAR
Audric Estime,RB,DEN
Davis Allen,TE,LAR
Hunter Renfrow,WR,FA
Tanner Hudson,TE,CIN
Roschon Johnson,RB,CHI
Van Jefferson,WR,PIT
Justin Fields,QB,PIT
Jamaal Williams,RB,NO
AJ Dillon,RB,GB
Chase Edmonds,RB,TB
Kalif Raymond,WR,DET
Will Shipley,RB,PHI
Nelson Agholor,WR,BAL
Donovan Peoples-Jones,WR,DET
Isaiah Davis,RB,NYJ
Noah Brown,WR,HOU
Tim Patrick,WR,DEN
Alec Pierce,WR,IND
Justice Hill,RB,BAL
Ty Johnson,RB,BUF
Ainias Smith,WR,PHI
Jeremy Ruckert,TE,NYJ
Brenden Rice,WR,LAC
Allen Lazard,WR,NYJ
K.J. Osborn,WR,NE
Theo Johnson,TE,NYG
Israel Abanikanda,RB,NYJ
Andrei Iosivas,WR,CIN
Logan Thomas,TE,FA
Ja'Tavion Sanders,TE,CAR
Kylen Granson,TE,IND
Trent Sherfield,WR,MIN
Donald Parham Jr.,TE,LAC
Tyler Higbee,TE,LAR
Tommy Tremble,TE,CAR
Jauan Jennings,WR,SF
Brandon Powell,WR,MIN
Michael Gallup,WR,LV
Deuce Vaughn,RB,DAL
Tutu Atwell,WR,LAR
D'Ernest Johnson,RB,JAX
Laviska Shenault Jr.,WR,SEA
Zach Ertz,TE,WAS
Braxton Berrios,WR,MIA
Gerald Everett,TE,CHI
Gary Brightwell,RB,NYG
Noah Gray,TE,KC
Jamari Thrash,WR,CLE
Chris Moore,WR,ARI
Eric Gray,RB,NYG
Jacob Cowing,WR,SF
Johnny Wilson,WR,PHI
Darren Waller,TE,NYG
Johnny Mundt,TE,MIN
Ameer Abdullah,RB,LV
Jeff Wilson Jr.,RB,MIA
JuJu Smith-Schuster,WR,NE
Nick Westbrook-Ikhine,WR,TEN
Xazavian Valladay,RB,NYJ
Mathew Sexton,WR,MIA
Lucky Jackson,WR,MIN
Sean Ryan,WR,BAL
Thyrick Pitts,WR,GB
Kaden Davis,WR,DET
Jalen Cropper,WR,DAL
David Durden,WR,DAL
Ryan Miller,WR,TB
Davion Davis,WR,WAS
Chase Cota,WR,NYG
Bryce Ford-Wheaton,WR,NYG
Jacob Copeland,WR,FA
Nikko Remigio,WR,KC
Griffin Hebert,WR,FA
Joseph Ngata,WR,PHI
T.J. Luther,WR,NE
Daewood Davis,WR,FA
Isaiah Zuber,WR,FA
Matt Landers,WR,FA
Isaiah Winstead,WR,FA
Dylan Drummond,WR,ATL
Gary Jennings,WR,FA
Marcell Ateman,WR,FA
Juwan Green,WR,FA
Kekoa Crawford,WR,FA
Jose Barbon,WR,FA
Pokey Wilson,WR,FA
Kade Warner,WR,FA
Tyler Adams,WR,FA
Kody Case,WR,FA
Aron Cruickshank,WR,FA
Gavin Holmes,WR,FA
Devin Ross,WR,FA
Chris Coleman,WR,FA
Jalen Wayne,WR,FA
Taye Barber,WR,FA
Jadon Haselwood,WR,FA
Johnny King,WR,FA
Ty Scott,WR,FA
Taylor Grimes,WR,FA
Tyjon Lindsey,WR,FA
Tyrell Shavers,WR,BUF
Bryan Thompson,WR,BUF
Shedrick Jackson,WR,CIN
Austin Mack,WR,ATL
Chris Blair,WR,ATL
Jared Wayne,WR,HOU
Jordan Matthews,TE,CAR
Brady Russell,TE,SEA
Jordan Murray,TE,IND
John Samuel Shenker,TE,LV
Princeton Fant,TE,DAL
Tanner Taula,TE,TB
Izaiah Gathings,TE,KC
E.J. Jenkins,TE,PHI
La'Michael Pettway,TE,NE
Josh Pederson,TE,JAX
Ryan Jones,TE,FA
Michael Ezeike,TE,FA
Nick Eubanks,TE,FA
Thomas Greaney,TE,FA
Noah Gindorff,TE,FA
Sal Cannella,TE,FA
Stephen Carlson,TE,CHI
Kearis Jackson,WR,TEN
Michael Pratt,QB,GB
Jha'Quan Jackson,WR,TEN
Sam Hartman,QB,WAS
Tip Reiman,TE,ARI
Brevyn Spann-Ford,TE,FA
Lideatrick Griffin,WR,LV
Joshua Cephus,WR,FA
Ronald Jones II,RB,FA
Keelan Cole Sr.,WR,FA
Stanley Morgan Jr.,WR,NO
Ty Montgomery II,RB,FA
Lew Nichols III,RB,PHI
Johnny Johnson III,WR,HOU
Rodney Williams II,TE,PIT
Reggie Roberson Jr.,WR,FA
Kaylon Geiger Sr.,WR,FA
Kevin Austin Jr.,WR,FA
B.J. Baylor,RB,ATL
Anthony McFarland Jr.,RB,FA
Lynn Bowden Jr.,WR,FA
Mike Harley Jr.,WR,FA
Scotty Miller,WR,FA
Larry Rountree III,RB,FA
Benny Snell Jr.,RB,FA
Andrew DePaola,TE,MIN
Zach Wood,TE,NO
Mark Ingram II,RB,FA
Clark Harris,TE,FA
Jack Coco,TE,FA
Willie Snead IV,WR,FA
Cal Adomitis,TE,CIN
Easop Winston Jr.,WR,SEA
Roger Carter Jr.,TE,FA
Shaq Davis,WR,PHI
Cephus Johnson III,WR,TB
Carlos Washington Jr.,RB,ATL
SaRodorick Thompson Jr.,RB,FA
Martavis Bryant,WR,DAL
John Stephens Jr.,WR,DAL
Austin Watkins Jr.,WR,PHI
Dontay Demus Jr.,WR,FA
Chris Pierce Jr.,TE,CAR
Evan Deckers,TE,TB
Branden Mack,WR,FA
AJ Barner,TE,SEA
Devin Leary,QB,BAL
Thomas Odukoya,TE,TEN
Tre'Shaun Harrison,WR,TEN
Tejhaun Palmer,WR,ARI
Devin Culp,TE,TB
Devaughn Vele,WR,DEN
Joe Milton III,QB,NE
Patrick Murtagh,TE,JAX
Jordan Whittington,WR,LAR
Casey Washington,WR,ATL
JaQuae Jackson,WR,FA
Isaiah Wooden,WR,FA
John Paddock,QB,FA
Chris Collier,RB,BAL
Dayton Wade,WR,FA
Riley Sharp,TE,FA
Tayvion Robinson,WR,FA
Xavier Johnson,WR,FA
Lawrence Keys III,WR,FA
Sam Pinckney,WR,FA
Jack Plummer,QB,FA
Ian Wheeler,RB,FA
Austin Reed,QB,FA
Rocky Lombardi,QB,FA
Cole Burgess,WR,FA
Alec Holler,TE,FA
Cam Johnson,WR,FA
Corey Crooms Jr.,WR,DAL
Thomas Yassmin,TE,FA
Jalon Calhoun,WR,DET
Isaac Rex,TE,FA
Isaiah Williams,WR,FA
Jarveon Howard,RB,FA
Messiah Swinson,TE,FA
Jaxon Janke,WR,FA
Jadon Janke,WR,FA
British Brooks,RB,FA
Trent Pennix,TE,FA
Jason Bean,QB,IND
Xavier White,WR,FA
Kedon Slovis,QB,FA
Jalen Jackson,RB,FA
David White Jr.,WR,FA
Brevin Easton,WR,FA
Lorenzo Lingard,RB,FA
Reggie Brown,WR,FA
Phillip Brooks,WR,FA
Baylor Cupp,TE,KC
Carter Bradley,QB,LV
Jeff Foreman,WR,LV
Ramel Keyton,WR,LV
Jaylen Johnson,WR,LAC
Jaelen Gill,WR,LAC
Casey Bauman,QB,LAC
Leon Johnson III,WR,LAC
Luke Benson,TE,LAC
Neal Johnson,TE,FA
Gavin Hardison,QB,FA
Hayden Rucci,TE,FA
Ty James,WR,MIN
Devron Harper,WR,MIN
Jeshaun Jones,WR,MIN
Trey Knox,TE,MIN
Jacob Warren,TE,FA
Deshaun Fenwick,RB,NE
Jermaine Jackson,WR,NO
Mason Tipton,WR,NO
Ayir Asante,WR,NYG
John Jiles,WR,FA
Talik Keaton,WR,FA
McCallan Castles,TE,PHI
John Rhys Plumlee,QB,PIT
Tanner Mordecai,QB,FA
Jack Westover,TE,FA
Chevan Cordeiro,QB,FA
Zack Annexstad,QB,TB
DJ Williams,RB,FA
Steven Stilianos,TE,FA
Jacob Kibodi,RB,NO
Kyle Sheets,WR,NO
Jabari Small,RB,FA
Jaden Shirden,RB,FA
Jalen Hurd,WR,FA
Tre Nixon,WR,FA
Jakeem Grant Sr.,WR,FA
Matt Barkley,QB,FA
Drew Plitt,QB,FA
Jaydon Mickens,WR,FA
Troy Fumagalli,TE,FA
Jaylon Moore,WR,FA
Johnny Lumpkin,TE,FA
Taysom Hill,TE,NO
Gardner Minshew II,QB,LV
Cedric Tillman,WR,CLE
Parker Washington,WR,JAX
Aidan O'Connell,QB,LV
Kareem Hunt,RB,FA
Michael Penix Jr.,QB,ATL
Malik Washington,WR,MIA
Xavier Gipson,WR,NYJ
Justin Watson,WR,KC
Joshua Dobbs,QB,SF
Sam Darnold,QB,MIN
Jordan Mason,RB,SF
Brevin Jordan,TE,HOU
Tyrod Taylor,QB,NYJ
KaVontae Turpin,WR,DAL
Dalvin Cook,RB,FA
Spencer Rattler,QB,NO
Parris Campbell,WR,PHI
Kyle Juszczyk,RB,SF
Jalen Coker,WR,CAR
Darnell Washington,TE,PIT
Louis Rees-Zammit,RB,KC
Jared Wiley,TE,KC
Skyy Moore,WR,KC
Kadarius Toney,WR,KC
Mack Hollins,WR,BUF
Erick All Jr.,TE,CIN
Jaheim Bell,TE,NE
Ryan Flournoy,WR,DAL
Rashaad Penny,RB,FA
Robert Tonyan,TE,FA
Blake Watson,RB,FA
Jelani Woods,TE,IND
John Metchie III,WR,HOU
Jacoby Brissett,QB,NE
Cordarrelle Patterson,RB,PIT
Josh Oliver,TE,MIN
Sam Howell,QB,SEA
Cade Stover,TE,HOU
Joe Flacco,QB,IND
Kenny Pickett,QB,PHI
Jake Browning,QB,CIN
Will Dissly,TE,LAC
Bo Melton,WR,GB
Calvin Austin III,WR,PIT
Cornelius Johnson,WR,LAC
Trey Sermon,RB,IND
Chase Claypool,WR,BUF
Irv Smith Jr.,TE,KC
Tyler Goodson,RB,IND
Luke Schoonmaker,TE,DAL
Royce Freeman,RB,DAL
Chris Rodriguez Jr.,RB,WAS
Trey Lance,QB,DAL
Sione Vaki,RB,DET
Daniel Bellinger,TE,NYG
Drew Lock,QB,NYG
Frank Gore Jr.,RB,FA
Jawhar Jordan,RB,HOU
Lucas Krull,TE,DEN
Bub Means,WR,NO
Jake Bobo,WR,SEA
Keilan Robinson,RB,JAX
Jameis Winston,QB,CLE
Dante Miller,RB,NYG
Carson Wentz,QB,KC
Mike White,QB,MIA
Zach Wilson,QB,DEN
Jarrett Stidham,QB,DEN
Michael Carter,RB,ARI
Emari Demercado,RB,ARI
Ronnie Rivers,RB,LAR
KJ Hamler,WR,BUF
Justyn Ross,WR,KC
Drew Sample,TE,CIN
Phillip Dorsett II,WR,DEN
DeVante Parker,WR,PHI
David Sills V,WR,DEN
Chris Brooks,RB,MIA
Derius Davis,WR,LAC
Cole Turner,TE,WAS
Dyami Brown,WR,WAS
Deven Thompkins,WR,TB
Emanuel Wilson,RB,GB
Nate Adkins,TE,DEN
Dillon Johnson,RB,FA
Cody Schrader,RB,FA
Jase McClellan,RB,ATL
Justin Shorter,WR,BUF
Tyler Scott,WR,CHI
Tay Martin,WR,SF
Tahj Washington,WR,MIA
Cam Akers,RB,FA
Jimmy Garoppolo,QB,LAR
Isaiah Hodgins,WR,NYG
Mecole Hardman Jr.,WR,FA
Tyquan Thornton,WR,NE
Zach Evans,RB,LAR
Mac Jones,QB,JAX
Terrace Marshall Jr.,WR,CAR
Chris Evans,RB,CIN
Charlie Jones,WR,CIN
Deonte Harty,WR,BAL
Isaiah Spiller,RB,LAC
Quez Watkins,WR,PIT
Olamide Zaccheaus,WR,WAS
Nyheim Hines,RB,CLE
David Bell,WR,CLE
Austin Hooper,TE,NE
Kyle Philips,WR,TEN
Sterling Shepard,WR,FA
Payne Durham,TE,TB
Hendon Hooker,QB,DET
Trayveon Williams,RB,CIN
Zonovan Knight,RB,DET
Brock Wright,TE,DET
Devin Duvernay,WR,JAX
Mo Alie-Cox,TE,IND
Adam Trautman,TE,DEN
Brenton Strange,TE,JAX
Lil'Jordan Humphrey,WR,DEN
Jordan Akins,TE,CLE
Patrick Taylor Jr.,RB,SF
Tre' McKitty,TE,BUF
Quintin Morris,TE,BUF
Reggie Gilliam,RB,BUF
River Cracraft,WR,MIA
Teagan Quitoriano,TE,HOU
Jamison Crowder,WR,WAS
Ronnie Bell,WR,SF
Will Mallory,TE,IND
Kwamie Lassiter II,WR,CIN
Patrick Scales,TE,CHI
Latavius Murray,RB,FA
Darrell Henderson Jr.,RB,FA
Tyler Ott,TE,WAS
Brandon Johnson,WR,DEN
Mason Rudolph,QB,TEN
Mitchell Fraboni,TE,DEN
Sean Tucker,RB,TB
Malik Cunningham,QB,BAL
Deneric Prince,RB,KC
Xavier Weaver,WR,ARI
Carson Steele,RB,FA
Daijun Edwards,RB,PIT
Kendall Milton,RB,FA
Tanner McLachlan,TE,CIN
Jordan Travis,QB,NYJ
Marcus Rosemy-Jacksaint,WR,WAS
Emani Bailey,RB,KC
C.J. Uzomah,TE,PHI
Elijah Higgins,TE,ARI
Cole Fotheringham,TE,LV
La'Mical Perine,RB,KC
Dennis Houston,WR,NYG
Zach Gentry,TE,LV
Ko Kieft,TE,TB
Zach Pascal,WR,ARI
Gunner Olszewski,WR,NYG
Cornell Powell,WR,KC
Simi Fehoko,WR,LAC
John Kelly Jr.,RB,CLE
James Proche II,WR,CLE
Michael Woods II,WR,CLE
Drew Ogletree,TE,IND
Ben Sims,TE,GB
Elijah Dotson,RB,LAC
Keaontay Ingram,RB,KC
Albert Okwuegbunam,TE,PHI
Shi Smith,WR,KC
DeeJay Dallas,RB,ARI
Giovanni Ricci,TE,CLE
Jaelon Darden,WR,CLE
Montrell Washington,WR,KC
Jeff Smith,WR,ARI
Jalen Brooks,WR,DAL
Peyton Hendershot,TE,DAL
Clayton Tune,QB,ARI
Snoop Conner,RB,DAL
Andre Baccellia,WR,ARI
Grant Calcaterra,TE,PHI
Harrison Bryant,TE,LV
Racey McMath,WR,DAL
Tony Jones Jr.,RB,ARI
Hunter Luepke,RB,DAL
Cooper Rush,QB,DAL
James Winchester,TE,KC
Rakim Jarrett,WR,TB
Dan Chisena,WR,ARI
Jashaun Corbin,RB,NYG
Travis Vokolek,TE,ARI
Desmond Ridder,QB,ARI
Kyle Trask,QB,TB
Malik Davis,RB,DAL
Tom Brady,QB,FA
Taylor Heinicke,QB,ATL
Stetson Bennett,QB,LAR
Tyler Huntley,QB,CLE
Dorian Thompson-Robinson,QB,CLE
Mitch Trubisky,QB,BUF
Anthony Brown,QB,LV
Logan Woodside,QB,CIN
Easton Stick,QB,LAC
Shane Buechele,QB,BUF
Brett Rypien,QB,CHI
John Wolford,QB,TB
Ben DiNucci,QB,FA
Tommy DeVito,QB,NYG
Tyson Bagent,QB,CHI
Terrell Bynum,WR,IND
Damien Harris,RB,FA
Leonard Fournette,RB,FA
Robert Woods,WR,HOU
DeWayne McBride,RB,MIN
Richie James Jr.,WR,FA
Allen Robinson II,WR,FA
James Robinson,RB,NO
Marvin Jones Jr.,WR,FA
Corey Davis,WR,FA
Ryan Tannehill,QB,FA
Pierre Strong Jr.,RB,CLE
Joshua Kelley,RB,FA
Russell Gage,WR,FA
Kayshon Boutte,WR,NE
Isaiah McKenzie,WR,NYG
Boston Scott,RB,FA
Deon Jackson,RB,NYG
Tyrion Davis-Price,RB,FA
Case Keenum,QB,HOU
Kevin Harris,RB,NE
Zack Kuntz,TE,NYJ
Bailey Zappe,QB,NE
Hassan Haskins,RB,TEN
Marcus Mariota,QB,WAS
Durham Smythe,TE,MIA
Jaren Hall,QB,MIN
Xavier Hutchinson,WR,HOU
Nick Mullens,QB,MIN
P.J. Walker,QB,FA
Matt Sokol,TE,FA
Brycen Hopkins,TE,FA
Amari Rodgers,WR,FA
Pharaoh Brown,TE,SEA
Troy Hairston,RB,HOU
Jamal Agnew,WR,FA
Ben Skowronek,WR,LAR
Malik Willis,QB,TEN
Colt McCoy,QB,FA
Andy Dalton,QB,CAR
JaMycal Hasty,RB,NE
Kenny McIntosh,RB,SEA
O.J. Howard,TE,FA
Matt Breida,RB,FA
Robbie Chosen,WR,FA
Blaine Gabbert,QB,FA
Jalen Reagor,WR,NE
Raheem Blackshear,RB,CAR
Samori Toure,WR,GB
Jalen Nailor,WR,MIN
Danny Gray,WR,SF
Marquise Goodwin,WR,FA
Jalen Guyton,WR,FA
Jake Haener,QB,NO
Tyler Badie,RB,DEN
KhaDarel Hodge,WR,ATL
Denzel Mims,WR,PIT
Marquez Callaway,WR,PIT
Travis Homer,RB,CHI
Tyree Jackson,TE,NYG
Davis Mills,QB,HOU
Foster Moreau,TE,NO
Sam Ehlinger,QB,IND
Nick Foles,QB,FA
Bryan Edwards,WR,FA
Jeff Driskel,QB,WAS
Julius Chestnut,RB,TEN
John Bates,TE,WAS
Eno Benjamin,RB,FA
Josiah Deguara,TE,JAX
Kyle Allen,QB,PIT
Kene Nwangwu,RB,MIN
Brian Hoyer,QB,FA
John Brown,WR,FA
Marcus Kemp,WR,FA
Malik Turner,WR,FA
Jake Fromm,QB,WAS
Braylon Sanders,WR,MIA
Seth Green,TE,FA
Chase Garbers,QB,FA
Ethan Fernea,WR,IND
Justin Rigg,TE,FA
Zaire Mitchell-Paden,TE,CLE
Gerrit Prince,TE,KC
Derek Wright,WR,FA
Chris Oladokun,QB,KC
Nick Muse,TE,MIN
Nikola Kalinic,TE,LAR
Mason Kinsey,WR,TEN
Hunter Kampmoyer,TE,FA
Bernhard Seikovits,TE,ARI
Cade Johnson,WR,FA
Ben Mason,RB,LAC
David Wells,TE,TB
Trishton Jackson,WR,MIN
Corey Clement,RB,FA
Gerrid Doaks,RB,FA
Vyncint Smith,WR,FA
Noah Togiai,TE,PHI
KeeSean Johnson,WR,FA
Qadree Ollison,RB,FA
Zach Davidson,TE,BUF
Cody White,WR,SEA
Jason Huntley,RB,FA
Dez Fitzpatrick,WR,PIT
Devon Allen,WR,FA
Kyric McGowan,WR,FA
Chase Allen,TE,FA
Kennedy Brooks,RB,FA
Tucker Fisk,TE,ATL
Mason Schreck,TE,FA
Seth Williams,WR,JAX
Ty'Son Williams,RB,FA
Nathan Peterman,QB,NO
Jaret Patterson,RB,LAC
Nsimba Webster,WR,CHI
Jake Luton,QB,FA
Alex Erickson,WR,FA
Tyler Mabry,TE,SEA
Jacob Eason,QB,FA
Preston Williams,WR,FA
Chris Herndon,TE,FA
Raleigh Webb,WR,TB
Tim Jones,WR,JAX
Michael Burton,RB,DEN
Geoff Swaim,TE,FA
Luke Farrell,TE,JAX
Chris Manhertz,TE,NYG
Ke'Shawn Vaughn,RB,NE
Nick Bowers,TE,FA
Austin Trammell,WR,FA
Dontario Drummond,WR,FA
Javon Wims,WR,FA
Patrick Laird,RB,TB
Nate McCrary,RB,FA
C.J. Saunders,WR,FA
Daylen Baldwin,WR,FA
John Hightower,WR,FA
Josh Ali,WR,ATL
Dalton Keene,TE,HOU
Daurice Fountain,WR,DET
Jake Funk,RB,DET
Shane Zylstra,TE,DET
Keith Smith,RB,FA
C.J. Beathard,QB,JAX
Charlie Woerner,TE,ATL
Trestan Ebner,RB,FA
Parker Hesse,TE,FA
Sean McKeon,TE,FA
Jack Stoll,TE,NYG
Adam Prentice,RB,NO
Jakob Johnson,RB,FA
Damiere Byrd,WR,FA
James Mitchell,TE,DET
Tre'Quan Smith,WR,DET
Dezmon Patmon,WR,FA
Jordan Thomas,TE,FA
Blake Watson,TE,FA
Anthony Gould,WR,IND
Dallin Holker,TE,NO
De'Corian Clark,WR,FA
Michael Wiley,RB,WAS
George Holani,RB,FA
Drake Stoops,WR,FA
Marshel Martin IV,TE,FA
Hayden Hatten,WR,FA
Konata Mumpfield,WR,FA
Sam Wiglusz,WR,FA
Julian Fleming,WR,FA
Dominic Lovett,WR,FA
J.Michael Sturdivant,WR,FA
Chris Tyree,WR,FA
Jalen Berger,RB,FA
Roman Hemby,RB,FA
Kaden Prather,WR,FA
Troy Omeire,WR,FA
Corey Rucker,WR,FA
Montrell Johnson Jr.,RB,FA
DeaMonte Trayanum,RB,FA
Grant Gunnell,QB,FA
Zach Heins,TE,LAC
Payton Thorne,QB,FA
Alex Taylor,WR,FA
Bryson Nesbit,TE,FA
Tyler Shough,QB,FA
Jaden Walley,WR,FA
Brant Kuithe,TE,FA
Jaylin Noel,WR,FA
Brady Cook,QB,FA
Demarkcus Bowman,RB,FA
Austin Jones,RB,WAS
Miller Forristall,TE,LAR
Salvon Ahmed,RB,MIA
Chris Myarick,RB,FA
Dareke Young,WR,SEA
Blake Proehl,WR,FA
Alex Armah,RB,FA
Patrick Ricard,RB,BAL
Ty Fryfogle,WR,FA
Tyler Johnson,WR,LAR
Jalen Virgil,WR,DEN
Keith Kirkwood,WR,FA
Spencer Brown,RB,FA
Chris Streveler,QB,FA
Matthew Slater,WR,FA
Kendall Blanton,TE,FA
Jake Tonges,TE,SF
Jermar Jefferson,RB,DET
Tyrie Cleveland,WR,IND
Keelan Doss,WR,FA
Tyron Billy-Johnson,WR,DAL
Chris Conley,WR,SF
Derrick Gore,RB,FA
Jonathan Williams,RB,FA
J.J. Taylor,RB,HOU
Kevin Rader,TE,FA
Connor Heyward,TE,PIT
Shemar Bridges,WR,FA
Miles Boykin,WR,NYG
Kenny Yeboah,TE,NYJ
Jonathan Ward,RB,FA
Brandon Bolden,RB,FA
Jerrion Ealy,WR,FA
Lance McCutcheon,WR,NYJ
C.J. Ham,RB,MIN
Nate Sudfeld,QB,DET
Hunter Long,TE,LAR
Tom Kennedy,WR,DET
Trace McSorley,QB,FA
Khari Blasingame,RB,CHI
Jesper Horsted,TE,FA
Dax Milne,WR,WAS
Tyreik McAllister,RB,LV
Malik Taylor,WR,NYJ
Cam Sims,WR,CAR
Frank Darby,WR,FA
Aaron Shampklin,RB,PIT
Ian Thomas,TE,CAR
Trent Taylor,WR,SF
Mike Strachan,WR,CAR
Dare Ogunbowale,RB,HOU
Lawrence Cager,TE,NYG
Kawaan Baker,WR,NE
Erik Ezukanma,WR,MIA
Tim Boyle,QB,HOU
Dante Pettis,WR,CHI
Avery Williams,RB,ATL
Trevon Wesco,TE,FA
Stephen Sullivan,TE,CAR
Andrew Beck,RB,HOU
Ashton Dulin,WR,IND
Armani Rogers,TE,WAS
Eric Saubert,TE,SF
Jason Cabinda,RB,FA
Darrynton Evans,RB,BUF
Feleipe Franks,TE,FA
Craig Reynolds,RB,DET
Matt Bushman,TE,FA
Kellen Mond,QB,NO
Demetric Felton,RB,FA
Brittain Brown,RB,LV
Irvin Charles,WR,NYJ
Kirk Merritt,WR,FA
Maurice Alexander,WR,DET
Scotty Washington,TE,BAL
Zander Horvath,RB,NO
Skylar Thompson,QB,MIA
Jalen Camp,WR,CLE
Andy Isabella,WR,BUF
Alec Ingold,RB,MIA
Kalil Pimpleton,WR,FA
Tanner Conner,TE,MIA
Stone Smartt,TE,LAC
Charlie Kolar,TE,BAL
Devin Asiasi,TE,FA
Tommy Sweeney,TE,FA
Will Grier,QB,PHI
Makai Polk,WR,FA
Jody Fortson Jr.,TE,MIA
Ihmir Smith-Marsette,WR,CAR
Ross Dwelley,TE,FA
Britain Covey,WR,PHI
Blake Bell,TE,FA
Ian Book,QB,KC
Greg Ward,WR,FA
Kristian Wilkerson,WR,LV
Nathan Rourke,QB,NE
Mike Boone,RB,CAR
Myles Gaskin,RB,MIN
Freddie Swain,WR,FA
Ben Ellefson,TE,FA
Cody Thompson,WR,FA
Nick Bawden,RB,NYJ
David Blough,QB,FA
Anthony Schwartz,WR,MIA
DeAndre Carter,WR,FA
Dee Eskridge,WR,SEA
Tylan Wallace,WR,BAL
Kendric Pryor,WR,CIN
Equanimeous St. Brown,WR,NO
Kendall Hinton,WR,FA
Caleb Huntley,RB,FA
Trinity Benson,WR,FA
Jared Bernhardt,WR,FA
Collin Johnson,WR,CHI
John FitzPatrick,TE,ATL
John Lovett,RB,FA
Anthony Miller,WR,KC
Greg Bell,RB,FA
Sincere McCormick,RB,LV
Damarea Crockett,RB,FA
Tanner McKee,QB,PHI
Sean Clifford,QB,GB
Max Duggan,QB,LAC
Brayden Willis,TE,SF
Josh Whyle,TE,TEN
Ray-Ray McCloud III,WR,ATL
Steven Sims,WR,HOU
Velus Jones Jr.,WR,CHI
DJ Turner,WR,LV
C.J. Board,WR,NE
Stanley Berryhill,WR,FA
Eric Tomlinson,TE,IND
Marcedes Lewis,TE,FA
Mitchell Wilcox,TE,NE
Derek Watt,RB,FA
Tyler Davis,TE,GB
Taiwan Jones,RB,FA
Sony Michel,RB,FA
Rex Burkhead,RB,FA
Justin Jackson,RB,FA
Stephen Anderson,TE,FA
A.J. Green,WR,FA
Matt Ryan,QB,FA
Byron Pringle,WR,FA
Cameron Brate,TE,FA
MyCole Pruitt,TE,PIT
Anthony Firkser,TE,FA
Dan Arnold,TE,FA
Ryan Griffin,TE,FA
Mike Davis,RB,FA
Penny Hart,WR,FA
Mike Thomas,WR,FA
Darrel Williams,RB,FA
Kenyan Drake,RB,FA
Kenny Golladay,WR,FA
Dwayne Washington,RB,FA
Melvin Gordon III,RB,FA
Randall Cobb,WR,FA
Kyle Rudolph,TE,FA
Jake Kumerow,WR,FA
Sammy Watkins,WR,FA
Godwin Igwebuike,RB,FA
Dontrell Hilliard,RB,FA
DeSean Jackson,WR,FA
Marcus Johnson,WR,FA
Giovani Bernard,RB,FA
Jarvis Landry,WR,FA
Cole Beasley,WR,FA
Julio Jones,WR,FA
Laquon Treadwell,WR,FA
Tyler Kroft,TE,FA
Teddy Bridgewater,QB,FA
Rashard Higgins,WR,FA
J.P. Holtz,TE,FA
J.D. McKissic,RB,FA
Phillip Lindsay,RB,FA
N'Keal Harry,WR,MIN
Cullen Gillaspia,RB,FA
Tevin Coleman,RB,FA
Breshad Perriman,WR,FA
Cethan Carter,TE,FA
Andre Roberts,WR,FA
Tory Carter,RB,FA
David Johnson,RB,FA
James Washington,WR,FA
Malcolm Brown,RB,FA
Jacob Harris,WR,PHI
Nick Boyle,TE,FA
Marlon Mack,RB,FA
Nick Vannett,TE,FA
Trenton Cannon,RB,FA
Antoine Wesley,WR,FA
Brandon Zylstra,WR,FA
Maxx Williams,TE,FA
Jesse James,TE,FA
Josh Gordon,WR,FA
Richard Rodgers,TE,FA
Darrell Daniels,TE,FA
Damien Williams,RB,FA
Jimmy Graham,TE,FA
Cody Hollister,WR,FA
Garrett Griffin,TE,FA
Jeremy McNichols,RB,WAS
Michael Bandy,WR,DEN
Juwann Winfree,WR,IND
Jacob Hollister,TE,FA
Kevin White,WR,FA
T.Y. Hilton,WR,FA
Pharoh Cooper,WR,FA
Trevor Siemian,QB,FA
Keke Coutee,WR,FA
Sammis Reyes,TE,FA
Colin Thompson,TE,FA
Jordan Howard,RB,FA
Quintez Cephus,WR,FA
Brandon Allen,QB,SF
Devine Ozigbo,RB,FA
Jordan Wilkins,RB,FA
Jason Moore,WR,FA
Kylin Hill,RB,FA
Duke Johnson,RB,FA
Josh Johnson,QB,BAL
Daniel Helm,TE,FA
Bryce Perkins,QB,FA
Chase Daniel,QB,FA
Reggie Bonnafon,RB,FA
Jared Pinkney,TE,FA
Tommy Hudson,TE,NO
J.J. Koski,WR,FA
Davis Webb,QB,FA
Jacques Patrick,RB,NYJ
Antonio Williams,RB,FA
D.J. Montgomery,WR,IND
Josh Hammond,WR,FA
Tanner Gentry,WR,FA
Binjimen Victor,WR,FA
D'vonte Price,RB,FA
Victor Bolden,WR,FA
Reid Sinnett,QB,FA
Deon Cain,WR,FA
Jontre Kirklin,WR,FA
Abram Smith,RB,FA
Darwin Thompson,RB,FA
Michael Jacobson,TE,NO
Jace Sternberger,TE,FA
David Moore,WR,CAR
Trey Quinn,WR,FA
Jalen Sample,WR,FA
Brycen Tremayne,WR,WAS
Kazmeir Allen,WR,WAS
Xavier Smith,WR,LAR
Keilahn Harris,WR,PIT
Tyler Hudson,WR,FA
Duece Watts,WR,PIT
Daniel Arias,WR,ARI
Malik Heath,WR,GB
Zay Malone,WR,FA
Justin Marshall,WR,FA
Zion Bowens,WR,FA
Mitchell Tinsley,WR,WAS
Thayer Thomas,WR,MIN
Antoine Green,WR,DET
Colton Dowell,WR,TEN
Grant DuBose,WR,GB
Elijah Cooks,WR,JAX
Oliver Martin,WR,FA
Malik Knowles,WR,MIN
Malik Flowers,WR,FA
Blake Whiteheart,TE,ARI
Christian Sims,TE,FA
Camren McDonald,TE,FA
Cameron Latu,TE,SF
Joel Wilson,TE,GB
Tanner Morgan,QB,FA
Dresser Winn,QB,LAR
Henry Pearson,RB,GB
Jack Colletto,RB,PIT
Khalan Laborn,RB,FA
Jason Brownlee,WR,NYJ
Julian Hill,TE,MIA
AJ McCarron,QB,FA
Alex McGough,QB,GB
James Blackman,QB,FA
Adrian Martinez,QB,FA
Holton Ahlers,QB,FA
Jordan Mims,RB,NO
Tarik Cohen,RB,NYJ
Owen Wright,RB,BAL
Zavier Scott,RB,IND
Ellis Merriweather,RB,GB
Hassan Hall,RB,KC
Mohamed Ibrahim,RB,FA
Tyler Hoosman,RB,FA
Travis Dye,RB,FA
Darius Hagans,RB,FA
Camerun Peoples,RB,FA
Ronnie Brown,RB,FA
CJ Marable,RB,FA
Robert Burns,RB,ATL